Workbook

Sheet Instrucciones
A1: Plantilla EV + WBS (versión simple)
A3: Cómo usar (paso a paso):
A4: 1) En la hoja 'Config', define el Costo por punto (COP por story point) y la fecha de corte.
A5: 2) En 'WBS-EV', para cada paquete de trabajo o historia, completa: WBS, nombre, descripción, puntos estimados, % planificado a la fecha y % completado real (solo lo que esté 'Hecho' con DoD).
A6: 3) Ingresa el AC (costo real a la fecha) por paquete. Las columnas de presupuesto, PV, EV, SV y CV se calculan automáticamente.
A7: 4) Revisa la hoja 'Resumen' para ver SPI, CPI, EAC y otros agregados del proyecto.
A9: Notas:
A10: - % Planificado a la fecha (columna G): fracción de ese paquete que, según el plan, ya debería estar completado a la fecha de corte (0 a 1).
A11: - % Completado real (columna I): fracción realmente terminada (0 a 1). No cuentes trabajo 'En progreso'.
A12: - Puedes cambiar 'Costo por punto' en cualquier momento; todo se recalcula.
A13: - Estados sugeridos: Planificado, En progreso, En revisión, Hecho.

Sheet Config
A1: Parámetro | B1: Valor
A2: Costo por punto (COP) | B2: 100000
A3: Fecha de corte (solo referencia) | B3: 45958

Sheet WBS-EV
A1: WBS | B1: Paquete/Historia | C1: Descripción | D1: Puntos estimados | E1: Costo por punto (auto) | F1: Presupuesto paquete (BAC_wp) | G1: % Planificado a la fecha (0-1) | H1: PV a la fecha | I1: % Completado real (0-1) | J1: EV | K1: AC (costo real a la fecha) | L1: SV = EV - PV | M1: CV = EV - AC | N1: Responsable | O1: Estado | P1: Inicio plan | Q1: Fin plan | R1: Fin real
A2: 1.4.1 | B2: 13 - Evaluar precisión y relevancia de las respuestas RAG | D2: 3 | E2: =Config!$B$2 -> 100000 | F2: =D2*E2 -> 300000 | G2: 1 | H2: =F2*G2 -> 300000 | I2: 1 | J2: =F2*I2 -> 300000 | K2: 350000 | L2: =J2-H2 -> 0 | M2: =J2-K2 -> -50000 | N2: Alex García Castañeda | O2: FINALIZADA | P2: 45951 | Q2: 45972 | R2: 45957
A3: 1.4.3 | B3: 14- Diseñar estructura de memoria contextual | D3: 8 | E3: =Config!$B$2 -> 100000 | F3: =D3*E3 -> 800000 | G3: 1 | H3: =F3*G3 -> 800000 | I3: 1 | J3: =F3*I3 -> 800000 | K3: 300000 | L3: =J3-H3 -> 0 | M3: =J3-K3 -> 500000 | N3: Alex García Castañeda | O3: FINALIZADA | P3: 45951 | Q3: 45973 | R3: 45958
A4: 1.1.2 | B4: 16 - Endpoint para registro de conversaciones con emociones | D4: 5 | E4: =Config!$B$2 -> 100000 | F4: =D4*E4 -> 500000 | G4: 1 | H4: =F4*G4 -> 500000 | I4: 1 | J4: =F4*I4 -> 500000 | K4: 200000 | L4: =J4-H4 -> 0 | M4: =J4-K4 -> 300000 | N4: Alex García Castañeda | O4: FINALIZADA | P4: 45951 | Q4: 45974 | R4: 45959
A5: 1.1.2 | B5: 17 - Consultar historial conversacional por usuario y fecha | D5: 3 | E5: =Config!$B$2 -> 100000 | F5: =D5*E5 -> 300000 | G5: 1 | H5: =F5*G5 -> 300000 | I5: 1 | J5: =F5*I5 -> 300000 | K5: 240000 | L5: =J5-H5 -> 0 | M5: =J5-K5 -> 60000 | N5: Juan Manuel Arango Rodas | O5: FINALIZADA | P5: 45951 | Q5: 45975 | R5: 45959
A6: 1.1.2 | B6: 15 - Crear endpoints REST para gestión de usuarios | D6: 5 | E6: =Config!$B$2 -> 100000 | F6: =D6*E6 -> 500000 | G6: 1 | H6: =F6*G6 -> 500000 | I6: 1 | J6: =F6*I6 -> 500000 | K6: 200000 | L6: =J6-H6 -> 0 | M6: =J6-K6 -> 300000 | N6: Tina María Torres Tascón | O6: FINALIZADA | P6: 45951 | Q6: 45976 | R6: 45959
A7: 1.1.1 | B7: 26 - Implementación de capa de acceso a datos (DAO / Repository) | D7: 5 | E7: =Config!$B$2 -> 100000 | F7: =D7*E7 -> 500000 | G7: 1 | H7: =F7*G7 -> 500000 | I7: 1 | J7: =F7*I7 -> 500000 | K7: 250000 | L7: =J7-H7 -> 0 | M7: =J7-K7 -> 250000 | N7: Alex García Castañeda | O7: FINALIZADA | P7: 45951 | Q7: 45977 | R7: 45962
A8: 1.4.3 | B8: 29 - Generación y gestión de embeddings | D8: 2 | E8: =Config!$B$2 -> 100000 | F8: =D8*E8 -> 200000 | G8: 1 | H8: =F8*G8 -> 200000 | I8: 1 | J8: =F8*I8 -> 200000 | K8: 400000 | L8: =J8-H8 -> 0 | M8: =J8-K8 -> -200000 | N8: Juan Manuel Arango Rodas | O8: FINALIZADA | P8: 45951 | Q8: 45978 | R8: 45962
A9: 1.1.3 | B9: 27 - Configuración del entorno local con Docker | D9: 2 | E9: =Config!$B$2 -> 100000 | F9: =D9*E9 -> 200000 | G9: 1 | H9: =F9*G9 -> 200000 | I9: 1 | J9: =F9*I9 -> 200000 | K9: 200000 | L9: =J9-H9 -> 0 | M9: =J9-K9 -> 0 | N9: Alex García Castañeda | O9: FINALIZADA | P9: 45951 | Q9: 45979 | R9: 45962
A10: 1.1.2 | B10: 24- Definición de arquitectura lógica y técnica | D10: 3 | E10: =Config!$B$2 -> 100000 | F10: =D10*E10 -> 300000 | G10: 1 | H10: =F10*G10 -> 300000 | I10: 1 | J10: =F10*I10 -> 300000 | K10: 240000 | L10: =J10-H10 -> 0 | M10: =J10-K10 -> 60000 | N10: Stiven Henao Aricapa | O10: FINALIZADA | P10: 45951 | Q10: 45980 | R10: 45956
A11: 1.1.1 | B11: 25- Diseño del modelo de datos relacional y vectorial | D11: 3 | E11: =Config!$B$2 -> 100000 | F11: =D11*E11 -> 300000 | G11: 1 | H11: =F11*G11 -> 300000 | I11: 1 | J11: =F11*I11 -> 300000 | K11: 290000 | L11: =J11-H11 -> 0 | M11: =J11-K11 -> 10000 | N11: Víctor Manuel Hernández Ortíz | O11: FINALIZADA | P11: 45951 | Q11: 45981 | R11: 45956
A12: 1.3.1 | B12: 28- Configurar conexión con el modelo Gemini | D12: 5 | E12: =Config!$B$2 -> 100000 | F12: =D12*E12 -> 500000 | G12: 1 | H12: =F12*G12 -> 500000 | I12: 1 | J12: =F12*I12 -> 500000 | K12: 190000 | L12: =J12-H12 -> 0 | M12: =J12-K12 -> 310000 | N12: Stiven Henao Aricapa | O12: FINALIZADA | P12: 45951 | Q12: 45982 | R12: 45966
A13: 1.4.1, 1.3.2 | B13: 12- Diseño del pipeline de conversación | D13: 2 | E13: =Config!$B$2 -> 100000 | F13: =D13*E13 -> 200000 | G13: 1 | H13: =F13*G13 -> 200000 | I13: 1 | J13: =F13*I13 -> 200000 | K13: 300000 | L13: =J13-H13 -> 0 | M13: =J13-K13 -> -100000 | N13: Juan Sebastían Gómez Agudelo | O13: FINALIZADA | P13: 45951 | Q13: 45983 | R13: 45968
A14: 1.4.3 | B14: 11- Implementar RAG básico con artículos psicológicos | D14: 8 | E14: =Config!$B$2 -> 100000 | F14: =D14*E14 -> 800000 | G14: 1 | H14: =F14*G14 -> 800000 | I14: 1 | J14: =F14*I14 -> 800000 | K14: 350000 | L14: =J14-H14 -> 0 | M14: =J14-K14 -> 450000 | N14: Stiven Henao Aricapa | O14: FINALIZADA | P14: 45951 | Q14: 45984 | R14: 45971
A15: 1.4.3 | B15: Memoria contextual integrada al flujo conversacional + RAG | D15: 10 | E15: 100000 | F15: 1000000 | G15: 1 | H15: 1000000 | I15: 1 | J15: 1000000 | K15: 950000 | L15: 0 | M15: 50000 | N15: Víctor Manuel Hernández Ortíz | O15: FINALIZADA | P15: 45980 | Q15: 45991 | R15: 45990
A16: 1.1.2 | B16: Frontend de gestión de usuarios | D16: 8 | E16: 100000 | F16: 800000 | G16: 1 | H16: 800000 | I16: 1 | J16: 800000 | K16: 820000 | L16: 0 | M16: -20000 | N16: Sebastián Gómez Agudelo | O16: FINALIZADA | P16: 45980 | Q16: 45991 | R16: 45991
A17: 1.4.3 | B17: Exportación de reportes PDF del historial conversacional | D17: 5 | E17: 100000 | F17: 500000 | G17: 1 | H17: 500000 | I17: 1 | J17: 500000 | K17: 470000 | L17: 0 | M17: 30000 | N17: Alex García Castañeda | O17: FINALIZADA | P17: 45980 | Q17: 45991 | R17: 45989
A18: 37288 | B18: Pruebas iniciales de conexión con hardware | D18: 5 | E18: 100000 | F18: 500000 | G18: 1 | H18: 500000 | I18: 1 | J18: 500000 | K18: 550000 | L18: 0 | M18: -50000 | N18: Tina María Torres Tascón | O18: FINALIZADA | P18: 45980 | Q18: 45991 | R18: 45988
A19: 1.4.1 | B19: Mejorar fluidez y velocidad de conversación | D19: 8 | E19: 100000 | F19: 800000 | G19: 1 | H19: 800000 | I19: 1 | J19: 800000 | N19: Manuel Gómez | O19: EN CURSO | P19: 45992 | Q19: 46006
A20: 1.6.2 | B20: Seguridad básica: cifrado y protección de datos | D20: 5 | E20: 100000 | F20: 500000 | G20: 1 | H20: 500000 | I20: 1 | J20: 500000 | N20: Stiven Henao Aricapa | O20: EN CURSO | P20: 45992 | Q20: 46006
A21: 1.2.3 | B21: Integración final con hardware (Micrófono y Voz) | D21: 8 | E21: 100000 | F21: 800000 | G21: 1 | H21: 800000 | I21: 1 | J21: 800000 | N21: Tina María Torres Tascón | O21: POR HACER | P21: 45992 | Q21: 46006
A22: 1.5.2 | B22: Pruebas finales + documentación entregable | D22: 5 | E22: 100000 | F22: 500000 | G22: 1 | H22: 500000 | I22: 1 | J22: 500000 | N22: Sebastián Gómez Agudelo | O22: EN CURSO | P22: 45992 | Q22: 46006

Sheet Resumen
A1: Métrica | B1: Valor
A2: BAC (Σ Presupuesto paquete) | B2: =SUM('WBS-EV'!F2:F1000) -> 10800000
A3: PV total a la fecha (Σ PV) | B3: =SUM('WBS-EV'!H2:H1000) -> 10800000
A4: EV total (Σ EV) | B4: =SUM('WBS-EV'!J2:J1000) -> 10800000
A5: AC total (Σ AC) | B5: =SUM('WBS-EV'!K2:K1000) -> 6300000
A7: SV (EV - PV) | B7: =B4-B3 -> 0
A8: CV (EV - AC) | B8: =B4-B5 -> 4500000
A9: SPI (EV / PV) | B9: =IFERROR(B4/B3,"") -> 1
A10: CPI (EV / AC) | B10: =IFERROR(B4/B5:"","")
A11: EAC (BAC / CPI) | B11: =IFERROR(B2/B10,"")
A12: ETC (EAC - AC) | B12: =IFERROR(B11-B5,"") -> -6300000
A13: VAC (BAC - EAC) | B13: =IFERROR(B2-B11,"") -> 10800000
